{
  "single_recent_window": 10,
  "single_special_boost": 1.9309480756199697,
  "single_omit_power": 2.1330036610345764,
  "single_omit_max_boost": 1.9861936394069792,
  "single_interval_penalty": 0.44359971296896566,
  "single_recent5_boost": 1.8585428690875938,
  "two_recent_window": 14,
  "two_special_boost": 1.344719100737142,
  "two_interval_penalty": 1.349615398960948,
  "two_recent5_boost": 1.336050673658708,
  "two_cold_omit_threshold": 3,
  "three_hot_weight": 2.8127412381797616,
  "three_omit_weight": 2.438259503928024,
  "three_tail_weight": 1.8368086152297378,
  "four_recent_special_window": 11,
  "four_cold_omit_threshold": 4,
  "single_w_rule": 0.6168825140639996,
  "single_w_lgb": 0.2721676845328424,
  "single_w_transformer": 0.08593987372959064,
  "single_w_markov": 0.08259091296132064,
  "four_w_rule": 0.5487372496748171,
  "four_w_lgb": 0.3258273694599866,
  "four_w_transformer": 0.2585113718531129,
  "four_w_markov": 0.23230509084964382
}