{
  "single_recent_window": 25,
  "single_special_boost": 4.428236592861387,
  "single_omit_power": 0.7756309451354245,
  "single_omit_max_boost": 9.347247829474007,
  "single_interval_penalty": 0.4387001324555325,
  "single_recent5_boost": 1.7159644073422284,
  "two_recent_window": 30,
  "two_special_boost": 1.6240069701756057,
  "two_interval_penalty": 1.687147484334408,
  "two_recent5_boost": 1.1795178365965597,
  "two_cold_omit_threshold": 6,
  "three_hot_weight": 2.391566776951928,
  "three_omit_weight": 2.2902293312724686,
  "three_tail_weight": 1.8271739193863872,
  "four_recent_special_window": 11,
  "four_cold_omit_threshold": 4,
  "single_w_rule": 0.44348954151359454,
  "single_w_lgb": 0.7509357761334221,
  "single_w_transformer": 0.37045164041242484,
  "single_w_markov": 0.17916136208845415,
  "four_w_rule": 0.28073720051768475,
  "four_w_lgb": 0.7886525806155582,
  "four_w_transformer": 0.06397461987846272,
  "four_w_markov": 0.19138932739458306
}