{
  "single_recent_window": 17,
  "single_special_boost": 1.653467673678736,
  "single_omit_power": 1.1482488051596211,
  "single_omit_max_boost": 4.400813783443204,
  "single_interval_penalty": 1.1493483208282056,
  "single_recent5_boost": 1.9537328788400565,
  "two_recent_window": 10,
  "two_special_boost": 2.091129134294386,
  "two_interval_penalty": 1.7595814233163356,
  "two_recent5_boost": 1.1521694207501214,
  "two_cold_omit_threshold": 2,
  "three_hot_weight": 3.217854269928363,
  "three_omit_weight": 2.427583298556774,
  "three_tail_weight": 2.1154676097256653,
  "four_recent_special_window": 11,
  "four_cold_omit_threshold": 4,
  "single_w_rule": 0.5384358085905134,
  "single_w_lgb": 0.6664087943305723,
  "single_w_transformer": 0.12128340002937706,
  "single_w_markov": 0.09034255352685575,
  "four_w_rule": 0.38225564078721963,
  "four_w_lgb": 0.32945620250655594,
  "four_w_transformer": 0.22919248141285817,
  "four_w_markov": 0.2090937572618133
}