{
  "single_recent_window": 8,
  "single_special_boost": 1.5023633384205786,
  "single_omit_power": 2.8531129174952437,
  "single_omit_max_boost": 6.087201991337581,
  "single_interval_penalty": 0.7397343530493461,
  "single_recent5_boost": 2.3541024938958857,
  "two_recent_window": 11,
  "two_special_boost": 1.3834543319266053,
  "two_interval_penalty": 0.8628108812317763,
  "two_recent5_boost": 1.3356459710003172,
  "two_cold_omit_threshold": 6,
  "three_hot_weight": 1.7816819057886626,
  "three_omit_weight": 2.5325121107583595,
  "three_tail_weight": 1.0356848503932619,
  "four_recent_special_window": 11,
  "four_cold_omit_threshold": 22,
  "single_w_rule": 0.2140100954422716,
  "single_w_lgb": 0.6459505875208041,
  "single_w_transformer": 0.3131921791388531,
  "single_w_markov": 0.047057030061207435,
  "four_w_rule": 0.20947817148279874,
  "four_w_lgb": 0.3766748911691641,
  "four_w_transformer": 0.0016816542228681869,
  "four_w_markov": 0.156514576644258
}